"","MatchName","Longitude","Latitude","Set","SoS","bio1","bio2","bio3","bio4","bio5","bio6","bio7","bio8","bio9","bio10","bio11","bio12","bio13","bio14","bio15","bio16","bio17","bio18","bio19","elev"
"1","K0024A2",-118.567312,34.083974,"ShrubScrub","sediment",165,123,52,3911,291,58,233,123,213,220,121,496,104,0,94,285,5,13,274,199.01
"2","K0024B2",-118.570642,34.084767,"ShrubScrub","soil",165,123,52,3911,291,58,233,123,213,220,121,496,104,0,94,285,5,13,274,225.29
"3","K0024C1",-118.551882,34.055978,"ShrubScrub","soil",165,123,52,3911,291,58,233,123,213,220,121,496,104,0,94,285,5,13,274,187.79
"4","K0026A1",-117.2297178,32.85396256,"ShrubScrub","soil",170,98,51,3185,263,74,189,135,206,214,132,289,60,1,88,167,4,8,151,49.83
"5","K0026B1",-117.2327495,32.84961935,"ShrubScrub","soil",170,98,51,3185,263,74,189,135,206,214,132,289,60,1,88,167,4,8,151,41.78
"6","K0026C1",-117.2342966,32.84636239,"ShrubScrub","soil",170,98,51,3185,263,74,189,135,206,214,132,289,60,1,88,167,4,8,151,39.18
"7","K0026C2",-117.2348,32.84588,"Forest","sediment",170,98,51,3185,263,74,189,135,206,214,132,289,60,1,88,167,4,8,151,37.2
"8","K0028C2",-122.167,38.35571,"Forest","soil",146,144,50,5188,315,27,288,83,212,213,83,815,178,1,91,449,9,15,449,136.99
"9","K0029A1",-121.7707,36.681594,"ShrubScrub","soil",138,115,60,2567,235,45,190,104,164,169,104,399,85,1,87,217,6,9,217,44.06
"10","K0029A2",-121.7704,36.682,"Forest","soil",138,115,60,2567,235,45,190,104,164,169,104,399,85,1,87,217,6,9,217,45.77
"11","K0029B1",-121.7704,36.68226,"Forest","soil",138,115,60,2567,235,45,190,104,164,169,104,399,85,1,87,217,6,9,217,45.26
"12","K0029B2",-121.7704,36.68225,"Forest","soil",138,115,60,2567,235,45,190,104,164,169,104,399,85,1,87,217,6,9,217,45.26
"13","K0029C1",-121.7708,36.6823,"Forest","soil",138,115,60,2567,235,45,190,104,164,169,104,399,85,1,87,217,6,9,217,45.03
"14","K0029C2",-121.7717,36.68179,"Forest","soil",138,115,60,2567,235,45,190,104,164,169,104,399,85,1,87,217,6,9,217,43.5
"15","K0030A1",-122.273,38.11577,"Coastal","sediment",146,120,53,3925,264,41,223,94,190,194,94,629,140,1,90,348,7,10,348,1.88
"16","K0030B1",-122.29,38.19658,"Coastal","sediment",147,137,53,4529,290,32,258,89,201,203,89,698,154,1,90,387,7,12,387,1.37
"17","K0030C1",-122.1669,38.35549,"Forest","sediment",146,144,50,5188,315,27,288,83,212,213,83,815,178,1,91,449,9,15,449,135.89
"18","K0033A1",-119.73464,34.447268,"Forest",NA,151,120,55,3408,263,46,217,113,191,197,110,508,111,0,98,307,2,7,295,76.52
"19","K0033A2",-119.73464,34.447268,"Forest",NA,151,120,55,3408,263,46,217,113,191,197,110,508,111,0,98,307,2,7,295,76.52
"20","K0033B1",-119.73464,34.447268,"Forest",NA,151,120,55,3408,263,46,217,113,191,197,110,508,111,0,98,307,2,7,295,76.52
"21","K0033B2",-119.73464,34.447268,"Forest",NA,151,120,55,3408,263,46,217,113,191,197,110,508,111,0,98,307,2,7,295,76.52
"22","K0035A1",-121.5491,39.59492,"Forest","soil",160,143,43,6475,348,20,328,81,244,244,81,890,180,1,83,457,16,16,457,378.91
"23","K0035A2",-121.5492,39.59528,"Forest","sediment",160,143,43,6475,348,20,328,81,244,244,81,890,180,1,83,457,16,16,457,374.03
"24","K0035B1",-121.5546,39.59709,"Forest","sediment",160,143,43,6475,348,20,328,81,244,244,81,890,180,1,83,457,16,16,457,348.21
"25","K0035B2",-121.554,39.59739,"Forest","soil",160,143,43,6475,348,20,328,81,244,244,81,890,180,1,83,457,16,16,457,368.91
"26","K0035C1",-121.5538,39.59357,"Forest","sediment",160,143,43,6475,348,20,328,81,244,244,81,890,180,1,83,457,16,16,457,331.4
"27","K0035C2",-121.554084,39.59365951,"Forest","soil",160,143,43,6475,348,20,328,81,244,244,81,890,180,1,83,457,16,16,457,331.27
"28","K0051A1",-122.067,36.95194,"Coastal",NA,135,119,61,2756,235,42,193,100,166,170,100,753,167,2,92,423,8,13,423,13.35
"29","K0051A2",-122.068,36.94917,"Coastal",NA,135,119,61,2756,235,42,193,100,166,170,100,753,167,2,92,423,8,13,423,14.62
"30","K0051B1",-122.067,36.94972,"Coastal",NA,135,119,61,2756,235,42,193,100,166,170,100,753,167,2,92,423,8,13,423,8.91
"31","K0051C1",-122.066,36.951,"Coastal",NA,135,119,61,2756,235,42,193,100,166,170,100,753,167,2,92,423,8,13,423,11.05
"32","K0051C2",-122.066,36.951,"Coastal",NA,135,119,61,2756,235,42,193,100,166,170,100,753,167,2,92,423,8,13,423,11.05
"33","K0052C2",-121.694,36.623,"ShrubScrub",NA,133,115,61,2514,229,42,187,102,159,164,102,481,103,1,89,265,6,10,265,84.03
"34","K0055A1",-121.49,38.16,"Forest","soil",156,148,48,5730,330,24,306,81,225,225,81,386,79,1,83,202,6,6,202,-0.48
"35","K0055A2",-121.49,38.16,"Forest","sediment",156,148,48,5730,330,24,306,81,225,225,81,386,79,1,83,202,6,6,202,-0.48
"36","K0055B1",-121.49,38.16,"Forest","soil",156,148,48,5730,330,24,306,81,225,225,81,386,79,1,83,202,6,6,202,-0.48
"37","K0055B2",-121.49,38.16,"Forest","sediment",156,148,48,5730,330,24,306,81,225,225,81,386,79,1,83,202,6,6,202,-0.48
"38","K0055C1",-121.49,38.16,"Forest","soil",156,148,48,5730,330,24,306,81,225,225,81,386,79,1,83,202,6,6,202,-0.48
"39","K0055C2",-121.49,38.16,"Forest","sediment",156,148,48,5730,330,24,306,81,225,225,81,386,79,1,83,202,6,6,202,-0.48
"40","K0056B1",-117.848428,33.658987,"ShrubScrub","sediment",168,110,55,3122,268,70,198,134,203,211,131,302,65,0,93,179,4,8,170,2.94
"41","K0056C1",-117.847153,33.656143,"ShrubScrub","sediment",168,110,55,3122,268,70,198,134,203,211,131,302,65,0,93,179,4,8,170,3.61
"42","K0058A1",-122.0565,37.0041,"Forest","soil",134,125,57,3383,251,34,217,93,175,179,93,862,184,2,90,472,10,15,472,275.14
"43","K0058A2",-122.0564,37.00402,"Forest","soil",134,125,57,3383,251,34,217,93,175,179,93,862,184,2,90,472,10,15,472,274.21
"44","K0058B1",-122.0685,37.00462,"Forest","sediment",134,125,57,3383,251,34,217,93,175,179,93,862,184,2,90,472,10,15,472,272.23
"45","K0058B2",-122.0689,37.00494,"Forest","soil",134,125,57,3383,251,34,217,93,175,179,93,862,184,2,90,472,10,15,472,273.21
"46","K0058C1",-122.0664,37.00992,"Forest","sediment",134,125,57,3383,251,34,217,93,175,179,93,862,184,2,90,472,10,15,472,320.01
"47","K0059A1",-121.398553,36.074829,"Forest","sediment",116,153,59,3772,263,7,256,76,164,168,76,658,124,1,88,345,6,13,345,421.9
"48","K0059A2",-121.39782,36.075678,"Forest","sediment",116,153,59,3772,263,7,256,76,164,168,76,658,124,1,88,345,6,13,345,424.54
"49","K0059B2",-121.393265,36.072166,"Forest","sediment",116,153,59,3772,263,7,256,76,164,168,76,658,124,1,88,345,6,13,345,433.59
"50","K0059C1",-121.389241,36.066657,"Forest","sediment",116,153,59,3772,263,7,256,76,164,168,76,658,124,1,88,345,6,13,345,408.34
"51","K0059C2",-121.389111,36.066434,"ShrubScrub","sediment",116,153,59,3772,263,7,256,76,164,168,76,658,124,1,88,345,6,13,345,408.6
"52","K0060A2",-117.844037,33.667416,"ShrubScrub","sediment",174,118,55,3335,282,68,214,138,212,220,134,302,66,0,92,177,4,9,167,4.73
"53","K0060B1",-117.848428,33.658987,"ShrubScrub","soil",168,110,55,3122,268,70,198,134,203,211,131,302,65,0,93,179,4,8,170,2.94
"54","K0060B2",-117.846388,33.657759,"ShrubScrub","soil",168,110,55,3122,268,70,198,134,203,211,131,302,65,0,93,179,4,8,170,4.6
"55","K0062A1",-117.254,32.75926,"Coastal","soil",170,84,49,2925,252,83,169,138,202,211,135,270,58,1,92,161,4,7,142,3.07
"56","K0062C1",-117.254,32.78109,"Coastal","soil",170,84,49,2925,252,83,169,138,202,211,135,270,58,1,92,161,4,7,142,2.08
"57","K0063B2",-117.228,32.79471,"Coastal","soil",170,84,49,2925,252,83,169,138,202,211,135,270,58,1,92,161,4,7,142,1.47
"58","K0063C2",-117.228,32.79537,"Coastal","sediment",170,84,49,2925,252,83,169,138,202,211,135,270,58,1,92,161,4,7,142,1.74
"59","K0065A2",-118.666428,34.099472,"ShrubScrub","soil",165,123,52,3911,291,58,233,123,213,220,121,496,104,0,94,285,5,13,274,314.09
"60","K0065B1",-118.658957,34.103507,"ShrubScrub","soil",165,123,52,3911,291,58,233,123,213,220,121,496,104,0,94,285,5,13,274,374.19
"61","K0065B2",-118.655434,34.091432,"ShrubScrub","soil",165,123,52,3911,291,58,233,123,213,220,121,496,104,0,94,285,5,13,274,464.86
"62","K0065C2",-118.655482,34.09591,"ShrubScrub","soil",165,123,52,3911,291,58,233,123,213,220,121,496,104,0,94,285,5,13,274,344.32
"63","K0068A1",-118.5871565,34.09403788,"ShrubScrub","sediment",165,123,52,3911,291,58,233,123,213,220,121,496,104,0,94,285,5,13,274,358.82
"64","K0068A2",-118.5859131,34.09177428,"ShrubScrub","soil",165,123,52,3911,291,58,233,123,213,220,121,496,104,0,94,285,5,13,274,398.79
"65","K0068C2",-118.5870962,34.094999,"ShrubScrub","soil",165,123,52,3911,291,58,233,123,213,220,121,496,104,0,94,285,5,13,274,369.82
"66","K0071A2",-120.02608,34.73905,"ShrubScrub","soil",143,135,54,3911,278,32,246,101,192,197,98,537,107,0,93,307,2,11,288,723.32
"67","K0071B1",-120.026449,34.738989,"ShrubScrub","soil",143,135,54,3911,278,32,246,101,192,197,98,537,107,0,93,307,2,11,288,726.65
"68","K0071C1",-120.026697,34.738156,"ShrubScrub","soil",143,135,54,3911,278,32,246,101,192,197,98,537,107,0,93,307,2,11,288,721.84
"69","K0072A2",-120.027179,34.738729,"ShrubScrub","soil",143,135,54,3911,278,32,246,101,192,197,98,537,107,0,93,307,2,11,288,731.71
"70","K0072B1",-120.026401,34.73978,"ShrubScrub","soil",143,135,54,3911,278,32,246,101,192,197,98,537,107,0,93,307,2,11,288,733.41
"71","K0072C1",-120.025232,34.740312,"ShrubScrub","soil",143,135,54,3911,278,32,246,101,192,197,98,537,107,0,93,307,2,11,288,741.88
"72","K0073A2",-120.024753,34.738782,"ShrubScrub","soil",143,135,54,3911,278,32,246,101,192,197,98,537,107,0,93,307,2,11,288,711.89
"73","K0074B1",-120.0484,34.71256,"Forest","soil",143,135,54,3911,278,32,246,101,192,197,98,537,107,0,93,307,2,11,288,416.56
"74","K0075A1",-120.027295,34.739812,"ShrubScrub","soil",143,135,54,3911,278,32,246,101,192,197,98,537,107,0,93,307,2,11,288,744.18
"75","K0075B1",-120.063,34.72456,"Forest","soil",143,135,54,3911,278,32,246,101,192,197,98,537,107,0,93,307,2,11,288,432.31
"76","K0075B2",-119.9511,34.56946,"Forest","soil",147,129,53,3954,279,37,242,104,196,201,102,558,116,0,95,326,2,10,308,230.06
"77","K0076B1",-117.257,32.92825,"Coastal","sediment",170,98,51,3185,263,74,189,135,206,214,132,289,60,1,88,167,4,8,151,6.16
"78","K0076C1",-117.259,32.92543,"Coastal","soil",170,98,51,3185,263,74,189,135,206,214,132,289,60,1,88,167,4,8,151,26.93
"79","K0078A2",-118.4915828,34.7545542,"ShrubScrub","soil",155,137,42,6742,334,10,324,85,243,244,75,299,60,1,88,168,7,13,160,894.69
"80","K0078B2",-118.4024445,34.73707605,"ShrubScrub","soil",155,137,42,6742,334,10,324,85,243,244,75,299,60,1,88,168,7,13,160,840.5
"81","K0078C2",-118.4129,34.72107,"ShrubScrub","soil",155,137,42,6742,334,10,324,85,243,244,75,299,60,1,88,168,7,13,160,873.93
"82","K0079A2",-118.3995184,34.73846192,"ShrubScrub","soil",155,137,42,6742,334,10,324,85,243,244,75,299,60,1,88,168,7,13,160,847.08
"83","K0079B2",-118.4980611,34.75991222,"ShrubScrub","soil",155,137,42,6742,334,10,324,85,243,244,75,299,60,1,88,168,7,13,160,886.14
"84","K0079C2",-118.4937,34.76273,"ShrubScrub","soil",155,137,42,6742,334,10,324,85,243,244,75,299,60,1,88,168,7,13,160,878.29
"85","K0088A1",-116.778,33.80827,"Forest","sediment",120,156,49,5860,301,-15,316,58,172,199,54,603,103,3,72,299,36,61,289,1639.48
"86","K0088A2",-116.7752,33.81002,"Forest","soil",120,156,49,5860,301,-15,316,58,172,199,54,603,103,3,72,299,36,61,289,1649.44
"87","K0088B1",-116.778,33.80827,"Forest","sediment",120,156,49,5860,301,-15,316,58,172,199,54,603,103,3,72,299,36,61,289,1639.48
"88","K0088B2",-116.7777,33.80847,"Forest","soil",120,156,49,5860,301,-15,316,58,172,199,54,603,103,3,72,299,36,61,289,1641.19
"89","K0088C1",-116.7766,33.80739,"Forest","sediment",120,156,49,5860,301,-15,316,58,172,199,54,603,103,3,72,299,36,61,289,1630.86
"90","K0088C2",-116.7763,33.8074,"Forest","soil",120,156,49,5860,301,-15,316,58,172,199,54,603,103,3,72,299,36,61,289,1633.81
"91","K0090B1",-121.7541,36.66502,"ShrubScrub",NA,133,115,61,2514,229,42,187,102,159,164,102,481,103,1,89,265,6,10,265,43.23
"92","K0090B2",-121.758,36.66455,"ShrubScrub",NA,133,115,61,2514,229,42,187,102,159,164,102,481,103,1,89,265,6,10,265,49.14
"93","K0090C2",-121.753,36.66053,"ShrubScrub",NA,133,115,61,2514,229,42,187,102,159,164,102,481,103,1,89,265,6,10,265,55.54
"94","K0094A1",-122.1489,38.48356,"Forest","soil",151,145,48,5549,327,26,301,82,221,221,82,717,158,1,91,395,7,13,395,359.58
"95","K0094A2",-122.1427,38.47697,"Forest","soil",151,145,48,5549,327,26,301,82,221,221,82,717,158,1,91,395,7,13,395,333.63
"96","K0094B1",-122.1492,38.48345,"Forest","soil",151,145,48,5549,327,26,301,82,221,221,82,717,158,1,91,395,7,13,395,370.51
"97","K0094B2",-122.1515,38.48276,"Forest","soil",151,145,48,5549,327,26,301,82,221,221,82,717,158,1,91,395,7,13,395,333.81
"98","K0094C1",-122.1431,38.47699,"Forest","soil",151,145,48,5549,327,26,301,82,221,221,82,717,158,1,91,395,7,13,395,335.48
"99","K0094C2",-122.15109,38.48287,"Forest","soil",151,145,48,5549,327,26,301,82,221,221,82,717,158,1,91,395,7,13,395,343.49
"100","K0095A1",-121.557,36.384,"Forest","sediment",124,146,59,3701,264,17,247,84,170,175,84,672,130,2,88,358,7,14,358,499.59
"101","K0095A2",-121.5566,36.38396,"Forest","soil",124,146,59,3701,264,17,247,84,170,175,84,672,130,2,88,358,7,14,358,501.29
"102","K0095B1",-121.5455,36.37613,"Forest","soil",124,146,59,3701,264,17,247,84,170,175,84,672,130,2,88,358,7,14,358,526.35
"103","K0095B2",-121.5457,36.37594,"Forest","soil",124,146,59,3701,264,17,247,84,170,175,84,672,130,2,88,358,7,14,358,525.58
"104","K0095C1",-121.5625,36.36418,"Forest","soil",124,146,59,3701,264,17,247,84,170,175,84,672,130,2,88,358,7,14,358,747.5
"105","K0095C2",-121.5625,36.36419,"Forest","soil",124,146,59,3701,264,17,247,84,170,175,84,672,130,2,88,358,7,14,358,747.5
"106","K0097A1",-119.096944,36.855835,"Forest","sediment",123,137,43,6427,304,-11,315,56,209,209,49,755,144,3,82,390,15,27,384,329.16
"107","K0097A2",-119.0972,36.85602,"Forest","soil",123,137,43,6427,304,-11,315,56,209,209,49,755,144,3,82,390,15,27,384,334.09
"108","K0097B1",-119.0977,36.8526,"Forest","sediment",123,137,43,6427,304,-11,315,56,209,209,49,755,144,3,82,390,15,27,384,336.52
"109","K0097B2",-119.0977,36.8526,"Forest","soil",123,137,43,6427,304,-11,315,56,209,209,49,755,144,3,82,390,15,27,384,336.52
"110","K0097C1",-119.1,36.84517,"Forest","sediment",123,137,43,6427,304,-11,315,56,209,209,49,755,144,3,82,390,15,27,384,385.74
"111","K0097C2",-119.0999,36.84497,"Forest","soil",123,137,43,6427,304,-11,315,56,209,209,49,755,144,3,82,390,15,27,384,388.85
"112","K0103C1",-122.6868281,38.56720087,"ShrubScrub","soil",142,154,54,4614,303,21,282,84,199,200,84,1043,228,2,92,582,11,19,582,321.38
"113","K0103C2",-122.6869,38.56674,"Forest","sediment",142,154,54,4614,303,21,282,84,199,200,84,1043,228,2,92,582,11,19,582,326.24
"114","K0115A1",-121.776713,36.680564,"ShrubScrub","soil",138,115,60,2567,235,45,190,104,164,169,104,399,85,1,87,217,6,9,217,41.17
"115","K0115C1",-121.77686,36.679202,"ShrubScrub","soil",138,115,60,2567,235,45,190,104,164,169,104,399,85,1,87,217,6,9,217,35.43
"116","K0116C1",-121.751369,36.66089,"ShrubScrub",NA,133,115,61,2514,229,42,187,102,159,164,102,481,103,1,89,265,6,10,265,57.21
"117","K0117B1",-122.4224144,38.86918976,"ShrubScrub","soil",138,159,47,6106,335,2,333,66,218,218,66,784,166,1,88,428,10,10,428,645.81
"118","K0117C2",-122.422103,38.8690657,"ShrubScrub","soil",138,159,47,6106,335,2,333,66,218,218,66,784,166,1,88,428,10,10,428,649.17
"119","K0119B2",-122.4241,38.87393,"Forest","soil",138,159,47,6106,335,2,333,66,218,218,66,784,166,1,88,428,10,10,428,659.9
"120","K0119C1",-122.4240689,38.87313546,"ShrubScrub","soil",138,159,47,6106,335,2,333,66,218,218,66,784,166,1,88,428,10,10,428,659.1
"121","K0126A1",-117.2473105,32.87601846,"ShrubScrub","soil",170,98,51,3185,263,74,189,135,206,214,132,289,60,1,88,167,4,8,151,113.49
"122","K0126A2",-117.2473545,32.87628926,"ShrubScrub","soil",170,98,51,3185,263,74,189,135,206,214,132,289,60,1,88,167,4,8,151,113.05
"123","K0126B1",-117.2486399,32.87688026,"ShrubScrub","soil",170,98,51,3185,263,74,189,135,206,214,132,289,60,1,88,167,4,8,151,111.29
"124","K0126C1",-117.2492244,32.87652082,"ShrubScrub","soil",170,98,51,3185,263,74,189,135,206,214,132,289,60,1,88,167,4,8,151,108.66
"125","K0126C2",-117.2496092,32.87572026,"ShrubScrub","soil",170,98,51,3185,263,74,189,135,206,214,132,289,60,1,88,167,4,8,151,105.09
"126","K0127A1",-122.2513,38.27464,"Forest","soil",147,137,53,4529,290,32,258,89,201,203,89,698,154,1,90,387,7,12,387,68.24
"127","K0127A2",-122.2491,38.2745,"Forest","soil",147,137,53,4529,290,32,258,89,201,203,89,698,154,1,90,387,7,12,387,99.94
"128","K0127B1",-122.2476,38.27351,"Forest","soil",147,137,53,4529,290,32,258,89,201,203,89,698,154,1,90,387,7,12,387,149.38
"129","K0127B2",-122.2467,38.27324,"Forest","soil",147,137,53,4529,290,32,258,89,201,203,89,698,154,1,90,387,7,12,387,172.07
"130","K0127C1",-122.2522,38.27552,"Forest","sediment",147,137,53,4529,290,32,258,89,201,203,89,698,154,1,90,387,7,12,387,53.31
"131","K0127C2",-122.252,38.27561,"Forest","sediment",147,137,53,4529,290,32,258,89,201,203,89,698,154,1,90,387,7,12,387,52.59
"132","K0130A1",-118.314832,34.484923,"ShrubScrub","soil",141,138,44,6230,316,5,311,76,223,227,69,434,82,1,86,238,9,18,223,755.36
"133","K0130C1",-118.317127,34.486867,"ShrubScrub","soil",141,138,44,6230,316,5,311,76,223,227,69,434,82,1,86,238,9,18,223,764.27
"134","K0131A2",-118.473873,34.175963,"ShrubScrub","sediment",171,137,52,4386,311,49,262,124,225,232,119,416,88,0,93,239,5,13,227,210.41
"135","K0131B2",-118.473194,34.174729,"ShrubScrub","soil",171,137,52,4386,311,49,262,124,225,232,119,416,88,0,93,239,5,13,227,210.07
"136","K0131C1",-118.471033,34.174036,"ShrubScrub","sediment",171,137,52,4386,311,49,262,124,225,232,119,416,88,0,93,239,5,13,227,210.74
"137","K0131C2",-118.471116,34.17483,"ShrubScrub","soil",171,137,52,4386,311,49,262,124,225,232,119,416,88,0,93,239,5,13,227,210.92
"138","K0133A1",-118.4234,34.13355,"Forest","sediment",175,114,54,3368,284,76,208,138,214,222,136,399,86,0,94,237,5,12,225,279.37
"139","K0133A2",-118.4241,34.13274,"Forest","sediment",175,114,54,3368,284,76,208,138,214,222,136,399,86,0,94,237,5,12,225,299.84
"140","K0133B1",-118.4232,34.13259,"Forest","soil",175,114,54,3368,284,76,208,138,214,222,136,399,86,0,94,237,5,12,225,324.21
"141","K0133B2",-118.4244,34.13273,"Forest","soil",175,114,54,3368,284,76,208,138,214,222,136,399,86,0,94,237,5,12,225,313.93
"142","K0133C1",-118.4245,34.13181,"Forest","soil",175,114,54,3368,284,76,208,138,214,222,136,399,86,0,94,237,5,12,225,315.92
"143","K0133C2",-118.4233,34.13248,"Forest","soil",175,114,54,3368,284,76,208,138,214,222,136,399,86,0,94,237,5,12,225,327.11
"144","K0135C1",-121.754002,36.663697,"ShrubScrub","soil",133,115,61,2514,229,42,187,102,159,164,102,481,103,1,89,265,6,10,265,50.02
"145","K0136A1",-122.40753,38.860449,"ShrubScrub","soil",138,159,47,6106,335,2,333,66,218,218,66,784,166,1,88,428,10,10,428,638.76
"146","K0136B1",-122.407217,38.860754,"ShrubScrub","sediment",138,159,47,6106,335,2,333,66,218,218,66,784,166,1,88,428,10,10,428,640.83
"147","K0140A1",-121.7826,36.68486,"Forest","soil",138,115,60,2567,235,45,190,104,164,169,104,399,85,1,87,217,6,9,217,38.06
"148","K0140A2",-121.7818,36.68403,"Forest","soil",138,115,60,2567,235,45,190,104,164,169,104,399,85,1,87,217,6,9,217,36.56
"149","K0140B1",-121.7813,36.68392,"Forest","soil",138,115,60,2567,235,45,190,104,164,169,104,399,85,1,87,217,6,9,217,36.79
"150","K0140B2",-121.7782,36.68369,"Forest","soil",138,115,60,2567,235,45,190,104,164,169,104,399,85,1,87,217,6,9,217,38.88
"151","K0140C1",-121.7775,36.68449,"Forest","soil",138,115,60,2567,235,45,190,104,164,169,104,399,85,1,87,217,6,9,217,44.75
"152","K0140C2",-121.7776,36.68488,"Forest","soil",138,115,60,2567,235,45,190,104,164,169,104,399,85,1,87,217,6,9,217,45.19
"153","K0142A1",-121.7716,36.67921,"Forest","soil",138,115,60,2567,235,45,190,104,164,169,104,399,85,1,87,217,6,9,217,44.06
"154","K0142A2",-121.771989,36.679062,"ShrubScrub","soil",138,115,60,2567,235,45,190,104,164,169,104,399,85,1,87,217,6,9,217,45.64
"155","K0142B2",-121.772092,36.678393,"ShrubScrub","soil",138,115,60,2567,235,45,190,104,164,169,104,399,85,1,87,217,6,9,217,44.56
"156","K0142C2",-121.77255,36.679711,"ShrubScrub","soil",138,115,60,2567,235,45,190,104,164,169,104,399,85,1,87,217,6,9,217,49.34
"157","K0144A1",-115.6497,34.81917,"ShrubScrub",NA,186,134,38,7643,375,30,345,282,217,288,94,176,28,2,46,60,16,48,56,1219.79
"158","K0144B1",-115.6322,34.80944,"ShrubScrub",NA,186,134,38,7643,375,30,345,282,217,288,94,176,28,2,46,60,16,48,56,1219.98
"159","K0144B2",-115.6336,34.81056,"ShrubScrub",NA,186,134,38,7643,375,30,345,282,217,288,94,176,28,2,46,60,16,48,56,1220.66
"160","K0145A1",-115.6422,34.81556,"ShrubScrub",NA,186,134,38,7643,375,30,345,282,217,288,94,176,28,2,46,60,16,48,56,1216.28
"161","K0145C1",-115.6331,34.81667,"ShrubScrub",NA,186,134,38,7643,375,30,345,282,217,288,94,176,28,2,46,60,16,48,56,1199.87
"162","K0145C2",-115.6314,34.81639,"ShrubScrub",NA,186,134,38,7643,375,30,345,282,217,288,94,176,28,2,46,60,16,48,56,1194.32
"163","K0146A2",-115.6636,34.69917,"ShrubScrub",NA,186,134,38,7643,375,30,345,282,217,288,94,176,28,2,46,60,16,48,56,811.73
"164","K0146B1",-115.6642,34.70306,"ShrubScrub",NA,186,134,38,7643,375,30,345,282,217,288,94,176,28,2,46,60,16,48,56,810.81
"165","K0146B2",-115.6644,34.66667,"ShrubScrub",NA,186,134,38,7643,375,30,345,282,217,288,94,176,28,2,46,60,16,48,56,649.47
"166","K0147A1",-117.094595,32.893427,"ShrubScrub","soil",171,119,53,3628,287,64,223,131,214,222,129,330,65,1,87,184,5,10,168,190.68
"167","K0147B1",-117.094633,32.893948,"ShrubScrub","soil",171,119,53,3628,287,64,223,131,214,222,129,330,65,1,87,184,5,10,168,197.32
"168","K0149A1",-117.074433,32.898847,"ShrubScrub","soil",171,119,53,3628,287,64,223,131,214,222,129,330,65,1,87,184,5,10,168,284.13
"169","K0149B1",-117.07424,32.898939,"ShrubScrub","soil",171,119,53,3628,287,64,223,131,214,222,129,330,65,1,87,184,5,10,168,284.26
"170","K0149B2",-117.074229,32.898931,"ShrubScrub","soil",171,119,53,3628,287,64,223,131,214,222,129,330,65,1,87,184,5,10,168,284.26
"171","K0149C2",-117.080372,32.897725,"ShrubScrub","soil",171,119,53,3628,287,64,223,131,214,222,129,330,65,1,87,184,5,10,168,267.86
"172","K0150B2",-115.6264,34.81056,"ShrubScrub",NA,186,134,38,7643,375,30,345,282,217,288,94,176,28,2,46,60,16,48,56,1206.83
"173","K0154A1",-120.61,34.55456,"Coastal","soil",135,103,63,1963,217,54,163,114,153,162,113,409,81,0,90,225,2,21,216,0
"174","K0154A2",-120.611,34.55453,"Coastal","soil",135,103,63,1963,217,54,163,114,153,162,113,409,81,0,90,225,2,21,216,-0.03
"175","K0154B2",-120.611,34.55508,"Coastal","soil",135,103,63,1963,217,54,163,114,153,162,113,409,81,0,90,225,2,21,216,15.31
"176","K0155A1",-122.236,37.04535,"Coastal","soil",129,116,59,2935,232,38,194,94,163,168,94,864,180,2,88,464,11,15,464,19.99
"177","K0155A2",-122.237,37.04601,"Coastal","soil",129,116,59,2935,232,38,194,94,163,168,94,864,180,2,88,464,11,15,464,7.37
"178","K0155B2",-122.236,37.0456,"Coastal","soil",129,116,59,2935,232,38,194,94,163,168,94,864,180,2,88,464,11,15,464,39.27
"179","K0156A1",-121.863,36.2806,"Coastal","soil",128,106,63,1988,214,47,167,105,146,153,104,857,178,1,91,469,6,45,452,0
"180","K0156A2",-121.863,36.28085,"Coastal","soil",128,106,63,1988,214,47,167,105,146,153,104,857,178,1,91,469,6,45,452,2.56
"181","K0156B1",-121.863,36.28131,"Coastal","soil",128,106,63,1988,214,47,167,105,146,153,104,857,178,1,91,469,6,45,452,6.34
"182","K0156B2",-121.862,36.28077,"Coastal","soil",128,106,63,1988,214,47,167,105,146,153,104,857,178,1,91,469,6,45,452,7.61
"183","K0157A2",-118.284,33.71326,"Coastal","sediment",178,104,53,3199,277,82,195,143,214,222,140,317,71,0,95,187,3,8,183,0
"184","K0157B1",-118.285,33.70909,"Coastal","soil",178,104,53,3199,277,82,195,143,214,222,140,317,71,0,95,187,3,8,183,4.56
"185","K0157B2",-118.284,33.70937,"Coastal","soil",178,104,53,3199,277,82,195,143,214,222,140,317,71,0,95,187,3,8,183,2.61
"186","K0158A1",-118.455,33.96641,"Coastal","sediment",178,102,55,2961,273,88,185,146,211,219,144,334,75,0,98,202,4,9,192,0
"187","K0158A2",-118.455,33.96689,"Coastal","sediment",178,102,55,2961,273,88,185,146,211,219,144,334,75,0,98,202,4,9,192,2.37
"188","K0158B2",-118.459,33.96545,"Coastal","soil",178,102,55,2961,273,88,185,146,211,219,144,334,75,0,98,202,4,9,192,2.67
"189","K0158C1",-118.46,33.96516,"Coastal","sediment",178,102,55,2961,273,88,185,146,211,219,144,334,75,0,98,202,4,9,192,0
"190","K0159A1",-120.228,34.47073,"Coastal",NA,146,116,61,2603,238,49,189,117,174,181,115,445,91,0,94,259,2,7,244,2.01
"191","K0159A2",-120.227,34.4707,"Coastal",NA,146,116,61,2603,238,49,189,117,174,181,115,445,91,0,94,259,2,7,244,2.44
"192","K0159B1",-120.228,34.47118,"Coastal",NA,146,116,61,2603,238,49,189,117,174,181,115,445,91,0,94,259,2,7,244,6.15
"193","K0159B2",-120.226,34.47087,"Coastal",NA,146,116,61,2603,238,49,189,117,174,181,115,445,91,0,94,259,2,7,244,11
"194","K0159C1",-120.227,34.47151,"Coastal",NA,146,116,61,2603,238,49,189,117,174,181,115,445,91,0,94,259,2,7,244,4.31
"195","K0159C2",-120.227,34.47108,"Coastal",NA,146,116,61,2603,238,49,189,117,174,181,115,445,91,0,94,259,2,7,244,3.54
"196","K0160A2",-121.086,35.53389,"Coastal",NA,134,139,64,2789,246,30,216,100,166,170,100,233,47,0,87,126,1,5,126,1.12
"197","K0160B1",-121.085,35.53386,"Coastal",NA,134,139,64,2789,246,30,216,100,166,170,100,233,47,0,87,126,1,5,126,2.04
"198","K0161A1",-123.069,38.31637,"Coastal",NA,128,124,60,2958,239,35,204,94,160,164,90,1041,222,2,89,567,13,22,562,3.45
"199","K0161A2",-123.071,38.31708,"Coastal",NA,128,124,60,2958,239,35,204,94,160,164,90,1041,222,2,89,567,13,22,562,4.91
"200","K0161B1",-123.069,38.31649,"Coastal",NA,128,124,60,2958,239,35,204,94,160,164,90,1041,222,2,89,567,13,22,562,4.9
"201","K0161B2",-123.07,38.31755,"Coastal",NA,128,124,60,2958,239,35,204,94,160,164,90,1041,222,2,89,567,13,22,562,9.31
"202","K0161C1",-123.061,38.31117,"Coastal",NA,128,124,60,2958,239,35,204,94,160,164,90,1041,222,2,89,567,13,22,562,1.55
"203","K0161C2",-123.061,38.31309,"Coastal",NA,128,124,60,2958,239,35,204,94,160,164,90,1041,222,2,89,567,13,22,562,2.71
"204","K0162A1",-123.791,39.27192,"Coastal","sediment",113,111,59,2747,216,29,187,84,146,149,79,1104,201,3,81,563,20,33,552,0
"205","K0162A2",-123.793,39.27412,"Coastal","sediment",113,111,59,2747,216,29,187,84,146,149,79,1104,201,3,81,563,20,33,552,4.63
"206","K0162B1",-123.791,39.27235,"Coastal","soil",113,111,59,2747,216,29,187,84,146,149,79,1104,201,3,81,563,20,33,552,0
"207","K0162B2",-123.793,39.27457,"Coastal","soil",113,111,59,2747,216,29,187,84,146,149,79,1104,201,3,81,563,20,33,552,10.85
"208","K0162C1",-123.791,39.27409,"Coastal","sediment",113,111,59,2747,216,29,187,84,146,149,79,1104,201,3,81,563,20,33,552,2.52
"209","K0162C2",-123.791,39.27419,"Coastal","sediment",113,111,59,2747,216,29,187,84,146,149,79,1104,201,3,81,563,20,33,552,2.45
"210","K0166A1",-117.275115,32.992665,"Coastal","sediment",170,98,51,3185,263,74,189,135,206,214,132,289,60,1,88,167,4,8,151,1.48
"211","K0166A2",-117.275675,32.995359,"Coastal","sediment",170,98,51,3185,263,74,189,135,206,214,132,289,60,1,88,167,4,8,151,2.04
"212","K0166B2",-117.278305,33.000836,"Coastal","sediment",168,109,52,3395,271,65,206,131,207,215,128,310,63,1,89,174,5,10,161,2.68
"213","K0166C2",-117.281737,33.014913,"Coastal","sediment",168,109,52,3395,271,65,206,131,207,215,128,310,63,1,89,174,5,10,161,0.76
"214","K0172A1",-121.869,36.60493,"Coastal","soil",130,98,60,2057,212,50,162,105,149,155,105,512,122,1,94,296,5,8,282,4.88
"215","K0172A2",-121.869,36.60473,"Coastal","soil",130,98,60,2057,212,50,162,105,149,155,105,512,122,1,94,296,5,8,282,5.89
"216","K0172B1",-121.869,36.6054,"Coastal","sediment",130,98,60,2057,212,50,162,105,149,155,105,512,122,1,94,296,5,8,282,2.61
"217","K0173A2",-121.941,36.61821,"Coastal","soil",130,98,60,2057,212,50,162,105,149,155,105,512,122,1,94,296,5,8,282,3.8
"218","K0173B1",-121.942,36.61891,"Coastal","sediment",130,98,60,2057,212,50,162,105,149,155,105,512,122,1,94,296,5,8,282,0
"219","K0174A1",-120.863,35.35582,"Coastal",NA,138,127,64,2461,240,42,198,111,164,169,107,337,69,1,87,185,3,8,184,0
"220","K0174A2",-120.863,35.35582,"Coastal",NA,138,127,64,2461,240,42,198,111,164,169,107,337,69,1,87,185,3,8,184,0
"221","K0174B1",-120.858,35.35757,"Coastal",NA,138,127,64,2461,240,42,198,111,164,169,107,337,69,1,87,185,3,8,184,0
"222","K0174B2",-120.858,35.35757,"Coastal",NA,138,127,64,2461,240,42,198,111,164,169,107,337,69,1,87,185,3,8,184,0
"223","K0174C1",-120.857,35.35723,"Coastal",NA,138,127,64,2461,240,42,198,111,164,169,107,337,69,1,87,185,3,8,184,0
"224","K0175A1",-120.862,35.35938,"Coastal",NA,138,127,64,2461,240,42,198,111,164,169,107,337,69,1,87,185,3,8,184,7.49
"225","K0175A2",-120.862,35.35938,"Coastal",NA,138,127,64,2461,240,42,198,111,164,169,107,337,69,1,87,185,3,8,184,7.49
"226","K0175B1",-120.855,35.35838,"Coastal",NA,138,127,64,2461,240,42,198,111,164,169,107,337,69,1,87,185,3,8,184,0
"227","K0175B2",-120.855,35.35838,"Coastal",NA,138,127,64,2461,240,42,198,111,164,169,107,337,69,1,87,185,3,8,184,0
"228","K0175C1",-120.864,35.35852,"Coastal",NA,138,127,64,2461,240,42,198,111,164,169,107,337,69,1,87,185,3,8,184,0
"229","K0177A1",-121.77255,36.679711,"ShrubScrub","soil",138,115,60,2567,235,45,190,104,164,169,104,399,85,1,87,217,6,9,217,49.34
"230","K0177A2",-119.537,34.40416,"Coastal","soil",147,125,52,3946,276,38,238,104,195,201,101,574,126,0,99,344,2,9,334,9.05
"231","K0177B1",-119.538,34.3987,"Coastal","soil",147,125,52,3946,276,38,238,104,195,201,101,574,126,0,99,344,2,9,334,4.37
"232","K0177B2",-119.537,34.39739,"Coastal","soil",147,125,52,3946,276,38,238,104,195,201,101,574,126,0,99,344,2,9,334,3.64
"233","K0177C1",-119.538,34.3985,"Coastal","soil",147,125,52,3946,276,38,238,104,195,201,101,574,126,0,99,344,2,9,334,4.31
"234","K0177C2",-119.535,34.39795,"Coastal","soil",147,125,52,3946,276,38,238,104,195,201,101,574,126,0,99,344,2,9,334,3.83
"235","K0179A1",-118.682,34.03112,"Coastal","soil",161,121,54,3627,280,58,222,122,204,212,120,485,104,0,96,280,4,11,273,1.73
"236","K0179B1",-118.681,34.03268,"Coastal","soil",161,121,54,3627,280,58,222,122,204,212,120,485,104,0,96,280,4,11,273,1.42
"237","K0179C2",-118.685,34.03249,"Coastal","soil",161,121,54,3627,280,58,222,122,204,212,120,485,104,0,96,280,4,11,273,2.35
"238","K0193A1",-122.7146,41.0869777,"Forest","soil",83,153,46,6070,278,-48,326,17,163,163,12,954,157,8,70,460,48,48,438,775.5
"239","K0193A2",-122.7148,41.08718,"Forest","soil",83,153,46,6070,278,-48,326,17,163,163,12,954,157,8,70,460,48,48,438,777.87
"240","K0193B1",-122.7143,41.08787,"Forest","soil",83,153,46,6070,278,-48,326,17,163,163,12,954,157,8,70,460,48,48,438,783.13
"241","K0193B2",-122.7143,41.08828,"Forest","soil",83,153,46,6070,278,-48,326,17,163,163,12,954,157,8,70,460,48,48,438,794.11
"242","K0193C1",-122.7129,41.08423,"Forest","sediment",83,153,46,6070,278,-48,326,17,163,163,12,954,157,8,70,460,48,48,438,765.79
"243","K0193C2",-122.712,41.08399,"Forest","soil",83,153,46,6070,278,-48,326,17,163,163,12,954,157,8,70,460,48,48,438,764.29
"244","K0194A1",-124.114,41.02795,"Coastal","soil",109,100,54,3038,210,27,183,77,146,150,73,1465,249,6,74,720,46,58,683,0
"245","K0194A2",-124.115,41.02604,"Coastal","soil",109,100,54,3038,210,27,183,77,146,150,73,1465,249,6,74,720,46,58,683,0
"246","K0194B1",-124.112,41.0271,"Coastal","soil",109,100,54,3038,210,27,183,77,146,150,73,1465,249,6,74,720,46,58,683,0
"247","K0194B2",-124.113,41.02595,"Coastal","soil",109,100,54,3038,210,27,183,77,146,150,73,1465,249,6,74,720,46,58,683,0
"248","K0194C1",-124.109,41.02727,"Coastal","soil",109,100,54,3038,210,27,183,77,146,150,73,1465,249,6,74,720,46,58,683,1.33
"249","K0194C2",-124.11,41.02557,"Coastal","soil",109,100,54,3038,210,27,183,77,146,150,73,1465,249,6,74,720,46,58,683,1.33
"250","K0196A1",-124.133,40.93986,"Coastal","soil",116,89,54,2737,203,40,163,87,149,152,83,1225,209,5,75,602,37,47,583,4.07
"251","K0196B1",-124.132,40.94062,"Coastal","soil",116,89,54,2737,203,40,163,87,149,152,83,1225,209,5,75,602,37,47,583,3.18
"252","K0196C2",-124.13,40.94147,"Coastal","sediment",116,89,54,2737,203,40,163,87,149,152,83,1225,209,5,75,602,37,47,583,1.3
"253","K0197A1",-117.2858229,33.96727508,"ShrubScrub","soil",170,157,50,5272,343,35,308,114,237,243,109,360,75,2,83,198,10,18,189,867.02
"254","K0197A2",-117.2849536,33.96617767,"ShrubScrub","soil",170,157,50,5272,343,35,308,114,237,243,109,360,75,2,83,198,10,18,189,889.74
"255","K0197B1",-117.295955,33.97183062,"ShrubScrub","soil",170,157,50,5272,343,35,308,114,237,243,109,360,75,2,83,198,10,18,189,718.62
"256","K0197B2",-117.295643,33.97354215,"ShrubScrub","soil",170,157,50,5272,343,35,308,114,237,243,109,360,75,2,83,198,10,18,189,723.74
"257","K0197C1",-117.2963371,33.97375609,"ShrubScrub","soil",170,157,50,5272,343,35,308,114,237,243,109,360,75,2,83,198,10,18,189,711.8
"258","K0209A1",-121.421922,36.092693,"Forest","sediment",116,153,59,3772,263,7,256,76,164,168,76,658,124,1,88,345,6,13,345,524.32
"259","K0209B1",-121.422941,36.092955,"ShrubScrub","sediment",116,153,59,3772,263,7,256,76,164,168,76,658,124,1,88,345,6,13,345,523.73
"260","K0209C1",-121.430085,36.092879,"Forest","sediment",116,153,59,3772,263,7,256,76,164,168,76,658,124,1,88,345,6,13,345,499.5
"261","K0209C2",-121.430357,36.092945,"Forest","sediment",116,153,59,3772,263,7,256,76,164,168,76,658,124,1,88,345,6,13,345,501.14
"262","K0210A2",-117.2597203,33.80698363,"ShrubScrub","soil",170,154,50,5218,337,35,302,115,237,242,110,344,69,2,84,189,10,19,179,572.11
"263","K0210B1",-117.2559505,33.80562184,"ShrubScrub","soil",170,154,50,5218,337,35,302,115,237,242,110,344,69,2,84,189,10,19,179,573.95
"264","K0210B2",-117.2575318,33.8046268,"ShrubScrub","soil",170,154,50,5218,337,35,302,115,237,242,110,344,69,2,84,189,10,19,179,561.5
"265","K0210C1",-117.2558524,33.80522594,"ShrubScrub","soil",170,154,50,5218,337,35,302,115,237,242,110,344,69,2,84,189,10,19,179,574.81
"266","K0210C2",-117.2573,33.80342,"ShrubScrub","soil",170,154,50,5218,337,35,302,115,237,242,110,344,69,2,84,189,10,19,179,569.19
"267","K0212B1",-118.287,33.70637,"Coastal","sediment",178,104,53,3199,277,82,195,143,214,222,140,317,71,0,95,187,3,8,183,0
"268","K0212C2",-118.286,33.70633,"Coastal","sediment",178,104,53,3199,277,82,195,143,214,222,140,317,71,0,95,187,3,8,183,0
"269","K0213C1",-118.287,33.70624,"Coastal","sediment",178,104,53,3199,277,82,195,143,214,222,140,317,71,0,95,187,3,8,183,0
"270","K0214B1",-118.286,33.70755,"Coastal","sediment",178,104,53,3199,277,82,195,143,214,222,140,317,71,0,95,187,3,8,183,21.78
"271","K0217A1",-118.285,33.70788,"Coastal","sediment",178,104,53,3199,277,82,195,143,214,222,140,317,71,0,95,187,3,8,183,0
"272","K0217B1",-118.286,33.70738,"Coastal","sediment",178,104,53,3199,277,82,195,143,214,222,140,317,71,0,95,187,3,8,183,15
"273","K0217C2",-118.286,33.70692,"Coastal","sediment",178,104,53,3199,277,82,195,143,214,222,140,317,71,0,95,187,3,8,183,0.33
"274","K0218A1",-118.288,33.70572,"Coastal","sediment",178,104,53,3199,277,82,195,143,214,222,140,317,71,0,95,187,3,8,183,0
"275","K0219A2",-118.281,33.70892,"Coastal","sediment",178,104,53,3199,277,82,195,143,214,222,140,317,71,0,95,187,3,8,183,0.3
"276","K0219B2",-118.282,33.70891,"Coastal","sediment",178,104,53,3199,277,82,195,143,214,222,140,317,71,0,95,187,3,8,183,0.23
"277","K0219C1",-118.284,33.70886,"Coastal","sediment",178,104,53,3199,277,82,195,143,214,222,140,317,71,0,95,187,3,8,183,0
